DateTime;Temperatura
2026-03-01 00:00:00;15,277
2026-03-01 00:30:00;14,679
2026-03-01 01:00:00;15,263
2026-03-01 01:30:00;15,372
2026-03-01 02:00:00;14,488
2026-03-01 02:30:00;14,925
2026-03-01 03:00:00;15,715
2026-03-01 03:30:00;15,923
2026-03-01 04:00:00;16,459
2026-03-01 04:30:00;16,658
2026-03-01 05:00:00;17,808
2026-03-01 05:30:00;18,359
2026-03-01 06:00:00;18,729
2026-03-01 06:30:00;19,742
2026-03-01 07:00:00;20,164
2026-03-01 07:30:00;20,352
2026-03-01 08:00:00;21,423
2026-03-01 08:30:00;21,578
2026-03-01 09:00:00;22,807
2026-03-01 09:30:00;23,026
2026-03-01 10:00:00;23,471
2026-03-01 10:30:00;23,728
2026-03-01 11:00:00;24,758
2026-03-01 11:30:00;24,565
2026-03-01 12:00:00;24,680
2026-03-01 12:30:00;24,834
2026-03-01 13:00:00;25,186
2026-03-01 13:30:00;25,085
2026-03-01 14:00:00;24,974
2026-03-01 14:30:00;24,770
2026-03-01 15:00:00;25,080
2026-03-01 15:30:00;23,825
2026-03-01 16:00:00;23,356
2026-03-01 16:30:00;22,759
2026-03-01 17:00:00;22,716
2026-03-01 17:30:00;22,309
2026-03-01 18:00:00;21,254
2026-03-01 18:30:00;20,359
2026-03-01 19:00:00;19,711
2026-03-01 19:30:00;19,575
2026-03-01 20:00:00;18,966
2026-03-01 20:30:00;18,277
2026-03-01 21:00:00;17,267
2026-03-01 21:30:00;17,037
2026-03-01 22:00:00;16,505
2026-03-01 22:30:00;16,110
2026-03-01 23:00:00;15,975
2026-03-01 23:30:00;15,459
2026-03-02 00:00:00;15,408
2026-03-02 00:30:00;15,066
2026-03-02 01:00:00;15,101
2026-03-02 01:30:00;15,264
2026-03-02 02:00:00;14,660
2026-03-02 02:30:00;15,269
2026-03-02 03:00:00;15,505
2026-03-02 03:30:00;15,810
2026-03-02 04:00:00;16,368
2026-03-02 04:30:00;17,479
2026-03-02 05:00:00;17,197
2026-03-02 05:30:00;18,425
2026-03-02 06:00:00;18,117
2026-03-02 06:30:00;19,230
2026-03-02 07:00:00;20,057
2026-03-02 07:30:00;20,858
2026-03-02 08:00:00;21,543
2026-03-02 08:30:00;22,191
2026-03-02 09:00:00;22,378
2026-03-02 09:30:00;22,882
2026-03-02 10:00:00;23,836
2026-03-02 10:30:00;23,900
2026-03-02 11:00:00;23,884
2026-03-02 11:30:00;24,223
2026-03-02 12:00:00;24,508
2026-03-02 12:30:00;25,131
2026-03-02 13:00:00;25,050
2026-03-02 13:30:00;25,199
2026-03-02 14:00:00;24,680
2026-03-02 14:30:00;24,675
2026-03-02 15:00:00;24,549
2026-03-02 15:30:00;23,858
2026-03-02 16:00:00;23,695
2026-03-02 16:30:00;22,812
2026-03-02 17:00:00;22,373
2026-03-02 17:30:00;21,780
2026-03-02 18:00:00;20,876
2026-03-02 18:30:00;20,823
2026-03-02 19:00:00;19,836
2026-03-02 19:30:00;19,352
2026-03-02 20:00:00;18,874
2026-03-02 20:30:00;18,243
2026-03-02 21:00:00;17,733
2026-03-02 21:30:00;16,922
2026-03-02 22:00:00;16,316
2026-03-02 22:30:00;16,005
2026-03-02 23:00:00;15,079
2026-03-02 23:30:00;14,874
2026-03-03 00:00:00;14,707
2026-03-03 00:30:00;14,694
2026-03-03 01:00:00;15,140
2026-03-03 01:30:00;14,726
2026-03-03 02:00:00;15,038
2026-03-03 02:30:00;15,835
2026-03-03 03:00:00;15,545
2026-03-03 03:30:00;16,291
2026-03-03 04:00:00;16,138
2026-03-03 04:30:00;16,884
2026-03-03 05:00:00;17,167
2026-03-03 05:30:00;17,968
2026-03-03 06:00:00;19,000
2026-03-03 06:30:00;18,743
2026-03-03 07:00:00;20,152
2026-03-03 07:30:00;20,736
2026-03-03 08:00:00;21,086
2026-03-03 08:30:00;21,407
2026-03-03 09:00:00;22,525
2026-03-03 09:30:00;22,858
2026-03-03 10:00:00;23,617
2026-03-03 10:30:00;23,974
2026-03-03 11:00:00;24,891
2026-03-03 11:30:00;24,536
2026-03-03 12:00:00;24,471
2026-03-03 12:30:00;25,020
2026-03-03 13:00:00;25,077
2026-03-03 13:30:00;25,433
2026-03-03 14:00:00;25,122
2026-03-03 14:30:00;24,744
2026-03-03 15:00:00;24,842
2026-03-03 15:30:00;23,551
2026-03-03 16:00:00;23,312
2026-03-03 16:30:00;22,720
2026-03-03 17:00:00;22,364
2026-03-03 17:30:00;21,432
2026-03-03 18:00:00;21,516
2026-03-03 18:30:00;20,575
2026-03-03 19:00:00;19,485
2026-03-03 19:30:00;18,992
2026-03-03 20:00:00;18,816
2026-03-03 20:30:00;18,380
2026-03-03 21:00:00;18,199
2026-03-03 21:30:00;17,976
2026-03-03 22:00:00;16,610
2026-03-03 22:30:00;15,687
2026-03-03 23:00:00;14,924
2026-03-03 23:30:00;15,474
2026-03-04 00:00:00;14,886
2026-03-04 00:30:00;14,897
2026-03-04 01:00:00;14,786
2026-03-04 01:30:00;14,993
2026-03-04 02:00:00;15,543
2026-03-04 02:30:00;15,436
2026-03-04 03:00:00;15,614
2026-03-04 03:30:00;15,671
2026-03-04 04:00:00;15,878
2026-03-04 04:30:00;16,786
2026-03-04 05:00:00;17,481
2026-03-04 05:30:00;18,705
2026-03-04 06:00:00;18,752
2026-03-04 06:30:00;19,691
2026-03-04 07:00:00;19,825
2026-03-04 07:30:00;20,238
2026-03-04 08:00:00;20,956
2026-03-04 08:30:00;21,660
2026-03-04 09:00:00;23,245
2026-03-04 09:30:00;22,756
2026-03-04 10:00:00;23,829
2026-03-04 10:30:00;23,651
2026-03-04 11:00:00;24,656
2026-03-04 11:30:00;24,754
2026-03-04 12:00:00;24,775
2026-03-04 12:30:00;24,943
2026-03-04 13:00:00;24,771
2026-03-04 13:30:00;25,113
2026-03-04 14:00:00;24,670
2026-03-04 14:30:00;24,190
2026-03-04 15:00:00;23,883
2026-03-04 15:30:00;24,027
2026-03-04 16:00:00;24,088
2026-03-04 16:30:00;23,100
2026-03-04 17:00:00;22,458
2026-03-04 17:30:00;22,013
2026-03-04 18:00:00;21,751
2026-03-04 18:30:00;20,729
2026-03-04 19:00:00;19,856
2026-03-04 19:30:00;19,735
2026-03-04 20:00:00;18,856
2026-03-04 20:30:00;18,624
2026-03-04 21:00:00;17,564
2026-03-04 21:30:00;16,528
2026-03-04 22:00:00;15,986
2026-03-04 22:30:00;16,611
2026-03-04 23:00:00;16,273
2026-03-04 23:30:00;15,318
2026-03-05 00:00:00;15,036
2026-03-05 00:30:00;15,554
2026-03-05 01:00:00;14,613
2026-03-05 01:30:00;14,730
2026-03-05 02:00:00;15,396
2026-03-05 02:30:00;15,242
2026-03-05 03:00:00;15,668
2026-03-05 03:30:00;15,976
2026-03-05 04:00:00;16,583
2026-03-05 04:30:00;17,449
2026-03-05 05:00:00;17,532
2026-03-05 05:30:00;18,312
2026-03-05 06:00:00;17,988
2026-03-05 06:30:00;19,330
2026-03-05 07:00:00;19,705
2026-03-05 07:30:00;20,226
2026-03-05 08:00:00;20,987
2026-03-05 08:30:00;21,796
2026-03-05 09:00:00;22,821
2026-03-05 09:30:00;22,580
2026-03-05 10:00:00;23,546
2026-03-05 10:30:00;23,797
2026-03-05 11:00:00;24,215
2026-03-05 11:30:00;24,970
2026-03-05 12:00:00;25,018
2026-03-05 12:30:00;25,425
2026-03-05 13:00:00;24,946
2026-03-05 13:30:00;24,714
2026-03-05 14:00:00;24,751
2026-03-05 14:30:00;24,704
2026-03-05 15:00:00;24,392
2026-03-05 15:30:00;23,587
2026-03-05 16:00:00;23,567
2026-03-05 16:30:00;23,124
2026-03-05 17:00:00;23,381
2026-03-05 17:30:00;22,570
2026-03-05 18:00:00;20,995
2026-03-05 18:30:00;20,552
2026-03-05 19:00:00;19,488
2026-03-05 19:30:00;19,141
2026-03-05 20:00:00;18,816
2026-03-05 20:30:00;18,509
2026-03-05 21:00:00;17,245
2026-03-05 21:30:00;16,727
2026-03-05 22:00:00;15,713
2026-03-05 22:30:00;15,976
2026-03-05 23:00:00;15,298
2026-03-05 23:30:00;15,195
2026-03-06 00:00:00;14,863
2026-03-06 00:30:00;15,010
2026-03-06 01:00:00;14,385
2026-03-06 01:30:00;14,529
2026-03-06 02:00:00;15,916
2026-03-06 02:30:00;14,930
2026-03-06 03:00:00;15,286
2026-03-06 03:30:00;16,676
2026-03-06 04:00:00;17,481
2026-03-06 04:30:00;16,546
2026-03-06 05:00:00;17,371
2026-03-06 05:30:00;18,206
2026-03-06 06:00:00;19,311
2026-03-06 06:30:00;19,002
2026-03-06 07:00:00;19,914
2026-03-06 07:30:00;20,925
2026-03-06 08:00:00;21,446
2026-03-06 08:30:00;21,782
2026-03-06 09:00:00;22,453
2026-03-06 09:30:00;22,563
2026-03-06 10:00:00;23,452
2026-03-06 10:30:00;23,874
2026-03-06 11:00:00;24,411
2026-03-06 11:30:00;24,425
2026-03-06 12:00:00;24,995
2026-03-06 12:30:00;25,312
2026-03-06 13:00:00;25,054
2026-03-06 13:30:00;25,080
2026-03-06 14:00:00;24,848
2026-03-06 14:30:00;24,619
2026-03-06 15:00:00;24,078
2026-03-06 15:30:00;24,078
2026-03-06 16:00:00;23,501
2026-03-06 16:30:00;23,776
2026-03-06 17:00:00;23,051
2026-03-06 17:30:00;22,048
2026-03-06 18:00:00;21,027
2026-03-06 18:30:00;20,263
2026-03-06 19:00:00;20,417
2026-03-06 19:30:00;19,439
2026-03-06 20:00:00;18,874
2026-03-06 20:30:00;17,476
2026-03-06 21:00:00;17,825
2026-03-06 21:30:00;17,115
2026-03-06 22:00:00;16,076
2026-03-06 22:30:00;15,868
2026-03-06 23:00:00;15,762
2026-03-06 23:30:00;15,399
2026-03-07 00:00:00;15,068
2026-03-07 00:30:00;15,007
2026-03-07 01:00:00;14,912
2026-03-07 01:30:00;15,096
2026-03-07 02:00:00;15,685
2026-03-07 02:30:00;14,482
2026-03-07 03:00:00;15,587
2026-03-07 03:30:00;16,095
2026-03-07 04:00:00;16,568
2026-03-07 04:30:00;16,826
2026-03-07 05:00:00;16,885
2026-03-07 05:30:00;18,201
2026-03-07 06:00:00;19,310
2026-03-07 06:30:00;18,811
2026-03-07 07:00:00;20,302
2026-03-07 07:30:00;20,538
2026-03-07 08:00:00;21,273
2026-03-07 08:30:00;21,545
2026-03-07 09:00:00;22,383
2026-03-07 09:30:00;23,499
2026-03-07 10:00:00;23,739
2026-03-07 10:30:00;24,573
2026-03-07 11:00:00;24,742
2026-03-07 11:30:00;24,773
2026-03-07 12:00:00;25,440
2026-03-07 12:30:00;25,111
2026-03-07 13:00:00;25,290
2026-03-07 13:30:00;24,853
2026-03-07 14:00:00;24,853
2026-03-07 14:30:00;24,375
2026-03-07 15:00:00;24,676
2026-03-07 15:30:00;23,554
2026-03-07 16:00:00;23,809
2026-03-07 16:30:00;22,977
2026-03-07 17:00:00;22,910
2026-03-07 17:30:00;22,176
2026-03-07 18:00:00;21,931
2026-03-07 18:30:00;20,908
2026-03-07 19:00:00;19,450
2026-03-07 19:30:00;19,324
2026-03-07 20:00:00;18,296
2026-03-07 20:30:00;17,905
2026-03-07 21:00:00;18,029
2026-03-07 21:30:00;17,179
2026-03-07 22:00:00;16,220
2026-03-07 22:30:00;15,678
2026-03-07 23:00:00;15,681
2026-03-07 23:30:00;14,955
2026-03-08 00:00:00;14,935
2026-03-08 00:30:00;15,152
2026-03-08 01:00:00;15,404
2026-03-08 01:30:00;15,256
2026-03-08 02:00:00;14,368
2026-03-08 02:30:00;15,487
2026-03-08 03:00:00;15,695
2026-03-08 03:30:00;16,178
2026-03-08 04:00:00;17,030
2026-03-08 04:30:00;16,234
2026-03-08 05:00:00;17,293
2026-03-08 05:30:00;18,293
2026-03-08 06:00:00;18,152
2026-03-08 06:30:00;19,864
2026-03-08 07:00:00;20,129
2026-03-08 07:30:00;20,949
2026-03-08 08:00:00;21,094
2026-03-08 08:30:00;22,198
2026-03-08 09:00:00;22,874
2026-03-08 09:30:00;23,125
2026-03-08 10:00:00;23,618
2026-03-08 10:30:00;24,061
2026-03-08 11:00:00;24,028
2026-03-08 11:30:00;24,568
2026-03-08 12:00:00;24,776
2026-03-08 12:30:00;25,091
2026-03-08 13:00:00;25,350
2026-03-08 13:30:00;24,587
2026-03-08 14:00:00;24,786
2026-03-08 14:30:00;25,138
2026-03-08 15:00:00;24,070
2026-03-08 15:30:00;23,679
2026-03-08 16:00:00;23,606
2026-03-08 16:30:00;23,339
2026-03-08 17:00:00;22,504
2026-03-08 17:30:00;22,379
2026-03-08 18:00:00;21,594
2026-03-08 18:30:00;20,947
2026-03-08 19:00:00;20,194
2026-03-08 19:30:00;20,162
2026-03-08 20:00:00;18,634
2026-03-08 20:30:00;17,385
2026-03-08 21:00:00;18,061
2026-03-08 21:30:00;16,796
2026-03-08 22:00:00;16,502
2026-03-08 22:30:00;16,492
2026-03-08 23:00:00;15,109
2026-03-08 23:30:00;14,943
2026-03-09 00:00:00;14,610
2026-03-09 00:30:00;14,765
2026-03-09 01:00:00;15,154
2026-03-09 01:30:00;15,226
2026-03-09 02:00:00;15,267
2026-03-09 02:30:00;14,886
2026-03-09 03:00:00;14,861
2026-03-09 03:30:00;16,052
2026-03-09 04:00:00;16,299
2026-03-09 04:30:00;17,117
2026-03-09 05:00:00;17,746
2026-03-09 05:30:00;18,135
2026-03-09 06:00:00;18,972
2026-03-09 06:30:00;19,428
2026-03-09 07:00:00;20,186
2026-03-09 07:30:00;20,406
2026-03-09 08:00:00;21,231
2026-03-09 08:30:00;21,982
2026-03-09 09:00:00;22,787
2026-03-09 09:30:00;22,906
2026-03-09 10:00:00;23,718
2026-03-09 10:30:00;23,874
2026-03-09 11:00:00;24,289
2026-03-09 11:30:00;24,910
2026-03-09 12:00:00;24,132
2026-03-09 12:30:00;24,503
2026-03-09 13:00:00;24,481
2026-03-09 13:30:00;24,140
2026-03-09 14:00:00;24,592
2026-03-09 14:30:00;24,882
2026-03-09 15:00:00;24,230
2026-03-09 15:30:00;24,036
2026-03-09 16:00:00;23,917
2026-03-09 16:30:00;23,508
2026-03-09 17:00:00;22,476
2026-03-09 17:30:00;22,387
2026-03-09 18:00:00;21,326
2026-03-09 18:30:00;20,360
2026-03-09 19:00:00;19,792
2026-03-09 19:30:00;18,829
2026-03-09 20:00:00;18,395
2026-03-09 20:30:00;17,961
2026-03-09 21:00:00;17,781
2026-03-09 21:30:00;17,558
2026-03-09 22:00:00;15,981
2026-03-09 22:30:00;16,171
2026-03-09 23:00:00;15,306
2026-03-09 23:30:00;15,547
2026-03-10 00:00:00;15,124
2026-03-10 00:30:00;14,402
2026-03-10 01:00:00;15,325
2026-03-10 01:30:00;14,831
2026-03-10 02:00:00;14,984
2026-03-10 02:30:00;15,006
2026-03-10 03:00:00;15,441
2026-03-10 03:30:00;16,183
2026-03-10 04:00:00;16,398
2026-03-10 04:30:00;17,071
2026-03-10 05:00:00;17,627
2026-03-10 05:30:00;18,549
2026-03-10 06:00:00;18,586
2026-03-10 06:30:00;18,830
2026-03-10 07:00:00;20,374
2026-03-10 07:30:00;20,537
2026-03-10 08:00:00;21,684
2026-03-10 08:30:00;22,048
2026-03-10 09:00:00;22,454
2026-03-10 09:30:00;23,166
2026-03-10 10:00:00;24,218
2026-03-10 10:30:00;24,694
2026-03-10 11:00:00;24,354
2026-03-10 11:30:00;24,675
2026-03-10 12:00:00;25,206
2026-03-10 12:30:00;24,661
2026-03-10 13:00:00;25,117
2026-03-10 13:30:00;24,948
2026-03-10 14:00:00;24,939
2026-03-10 14:30:00;24,328
2026-03-10 15:00:00;23,774
2026-03-10 15:30:00;23,241
2026-03-10 16:00:00;23,144
2026-03-10 16:30:00;22,883
2026-03-10 17:00:00;22,397
2026-03-10 17:30:00;22,591
2026-03-10 18:00:00;21,681
2026-03-10 18:30:00;20,316
2026-03-10 19:00:00;20,122
2026-03-10 19:30:00;19,205
2026-03-10 20:00:00;18,606
2026-03-10 20:30:00;18,151
2026-03-10 21:00:00;17,717
2026-03-10 21:30:00;16,837
2026-03-10 22:00:00;16,837
2026-03-10 22:30:00;15,634
2026-03-10 23:00:00;15,672
2026-03-10 23:30:00;16,290
2026-03-11 00:00:00;15,248
2026-03-11 00:30:00;15,544
2026-03-11 01:00:00;15,032
2026-03-11 01:30:00;15,246
2026-03-11 02:00:00;15,150
2026-03-11 02:30:00;15,321
2026-03-11 03:00:00;15,397
2026-03-11 03:30:00;16,184
2026-03-11 04:00:00;16,166
2026-03-11 04:30:00;17,189
2026-03-11 05:00:00;17,880
2026-03-11 05:30:00;18,215
2026-03-11 06:00:00;18,606
2026-03-11 06:30:00;19,506
2026-03-11 07:00:00;19,892
2026-03-11 07:30:00;20,980
2026-03-11 08:00:00;20,653
2026-03-11 08:30:00;21,796
2026-03-11 09:00:00;21,803
2026-03-11 09:30:00;22,521
2026-03-11 10:00:00;24,013
2026-03-11 10:30:00;24,280
2026-03-11 11:00:00;24,078
2026-03-11 11:30:00;24,094
2026-03-11 12:00:00;23,792
2026-03-11 12:30:00;24,767
2026-03-11 13:00:00;25,847
2026-03-11 13:30:00;25,109
2026-03-11 14:00:00;24,634
2026-03-11 14:30:00;24,782
2026-03-11 15:00:00;23,784
2026-03-11 15:30:00;23,863
2026-03-11 16:00:00;23,570
2026-03-11 16:30:00;23,014
2026-03-11 17:00:00;22,777
2026-03-11 17:30:00;22,034
2026-03-11 18:00:00;21,528
2026-03-11 18:30:00;20,412
2026-03-11 19:00:00;20,314
2026-03-11 19:30:00;19,917
2026-03-11 20:00:00;18,366
2026-03-11 20:30:00;17,776
2026-03-11 21:00:00;17,968
2026-03-11 21:30:00;16,889
2026-03-11 22:00:00;16,956
2026-03-11 22:30:00;15,878
2026-03-11 23:00:00;16,179
2026-03-11 23:30:00;15,427
2026-03-12 00:00:00;15,261
2026-03-12 00:30:00;15,590
2026-03-12 01:00:00;14,873
2026-03-12 01:30:00;14,713
2026-03-12 02:00:00;15,013
2026-03-12 02:30:00;15,539
2026-03-12 03:00:00;15,122
2026-03-12 03:30:00;16,256
2026-03-12 04:00:00;16,276
2026-03-12 04:30:00;17,358
2026-03-12 05:00:00;16,662
2026-03-12 05:30:00;17,811
2026-03-12 06:00:00;18,116
2026-03-12 06:30:00;19,058
2026-03-12 07:00:00;20,087
2026-03-12 07:30:00;20,590
2026-03-12 08:00:00;21,205
2026-03-12 08:30:00;21,858
2026-03-12 09:00:00;22,571
2026-03-12 09:30:00;22,691
2026-03-12 10:00:00;23,783
2026-03-12 10:30:00;24,199
2026-03-12 11:00:00;24,465
2026-03-12 11:30:00;24,814
2026-03-12 12:00:00;24,933
2026-03-12 12:30:00;25,669
2026-03-12 13:00:00;24,970
2026-03-12 13:30:00;24,850
2026-03-12 14:00:00;24,566
2026-03-12 14:30:00;24,258
2026-03-12 15:00:00;23,895
2026-03-12 15:30:00;23,656
2026-03-12 16:00:00;23,511
2026-03-12 16:30:00;23,161
2026-03-12 17:00:00;22,518
2026-03-12 17:30:00;21,645
2026-03-12 18:00:00;21,609
2026-03-12 18:30:00;20,911
2026-03-12 19:00:00;19,944
2026-03-12 19:30:00;19,119
2026-03-12 20:00:00;18,898
2026-03-12 20:30:00;18,152
2026-03-12 21:00:00;16,993
2026-03-12 21:30:00;16,932
2026-03-12 22:00:00;16,556
2026-03-12 22:30:00;15,718
2026-03-12 23:00:00;15,736
2026-03-12 23:30:00;14,871
2026-03-13 00:00:00;15,638
2026-03-13 00:30:00;15,480
2026-03-13 01:00:00;14,912
2026-03-13 01:30:00;15,170
2026-03-13 02:00:00;14,327
2026-03-13 02:30:00;14,976
2026-03-13 03:00:00;15,567
2026-03-13 03:30:00;15,658
2026-03-13 04:00:00;16,715
2026-03-13 04:30:00;17,655
2026-03-13 05:00:00;17,088
2026-03-13 05:30:00;17,793
2026-03-13 06:00:00;18,788
2026-03-13 06:30:00;19,911
2026-03-13 07:00:00;19,572
2026-03-13 07:30:00;20,740
2026-03-13 08:00:00;21,932
2026-03-13 08:30:00;21,335
2026-03-13 09:00:00;22,052
2026-03-13 09:30:00;22,896
2026-03-13 10:00:00;23,353
2026-03-13 10:30:00;24,251
2026-03-13 11:00:00;24,415
2026-03-13 11:30:00;23,998
2026-03-13 12:00:00;25,010
2026-03-13 12:30:00;24,755
2026-03-13 13:00:00;25,446
2026-03-13 13:30:00;24,738
2026-03-13 14:00:00;24,607
2026-03-13 14:30:00;24,809
2026-03-13 15:00:00;24,597
2026-03-13 15:30:00;24,124
2026-03-13 16:00:00;22,946
2026-03-13 16:30:00;23,232
2026-03-13 17:00:00;22,138
2026-03-13 17:30:00;21,996
2026-03-13 18:00:00;20,796
2026-03-13 18:30:00;20,809
2026-03-13 19:00:00;19,718
2026-03-13 19:30:00;18,898
2026-03-13 20:00:00;18,956
2026-03-13 20:30:00;18,171
2026-03-13 21:00:00;17,285
2026-03-13 21:30:00;17,464
2026-03-13 22:00:00;16,310
2026-03-13 22:30:00;16,044
2026-03-13 23:00:00;15,764
2026-03-13 23:30:00;15,164
2026-03-14 00:00:00;15,335
2026-03-14 00:30:00;14,856
2026-03-14 01:00:00;14,856
2026-03-14 01:30:00;15,520
2026-03-14 02:00:00;14,806
2026-03-14 02:30:00;14,536
2026-03-14 03:00:00;16,234
2026-03-14 03:30:00;16,925
2026-03-14 04:00:00;16,323
2026-03-14 04:30:00;16,278
2026-03-14 05:00:00;17,391
2026-03-14 05:30:00;17,986
2026-03-14 06:00:00;18,639
2026-03-14 06:30:00;18,958
2026-03-14 07:00:00;20,203
2026-03-14 07:30:00;20,836
2026-03-14 08:00:00;20,771
2026-03-14 08:30:00;22,158
2026-03-14 09:00:00;23,218
2026-03-14 09:30:00;23,104
2026-03-14 10:00:00;23,417
2026-03-14 10:30:00;23,917
2026-03-14 11:00:00;24,545
2026-03-14 11:30:00;24,014
2026-03-14 12:00:00;24,887
2026-03-14 12:30:00;24,821
2026-03-14 13:00:00;25,647
2026-03-14 13:30:00;24,896
2026-03-14 14:00:00;25,413
2026-03-14 14:30:00;24,233
2026-03-14 15:00:00;24,536
2026-03-14 15:30:00;24,079
2026-03-14 16:00:00;23,231
2026-03-14 16:30:00;23,106
2026-03-14 17:00:00;22,924
2026-03-14 17:30:00;21,800
2026-03-14 18:00:00;20,702
2026-03-14 18:30:00;20,646
2026-03-14 19:00:00;19,684
2026-03-14 19:30:00;19,228
2026-03-14 20:00:00;18,677
2026-03-14 20:30:00;17,490
2026-03-14 21:00:00;16,935
2026-03-14 21:30:00;17,125
2026-03-14 22:00:00;16,282
2026-03-14 22:30:00;15,136
2026-03-14 23:00:00;15,945
2026-03-14 23:30:00;15,476
2026-03-15 00:00:00;14,921
2026-03-15 00:30:00;14,582
2026-03-15 01:00:00;15,293
2026-03-15 01:30:00;15,165
2026-03-15 02:00:00;16,004
2026-03-15 02:30:00;15,528
2026-03-15 03:00:00;15,806
2026-03-15 03:30:00;15,975
2026-03-15 04:00:00;16,750
2026-03-15 04:30:00;17,175
2026-03-15 05:00:00;17,938
2026-03-15 05:30:00;17,904
2026-03-15 06:00:00;18,554
2026-03-15 06:30:00;19,180
2026-03-15 07:00:00;20,277
2026-03-15 07:30:00;21,177
2026-03-15 08:00:00;21,134
2026-03-15 08:30:00;21,765
2026-03-15 09:00:00;22,610
2026-03-15 09:30:00;22,958
2026-03-15 10:00:00;23,869
2026-03-15 10:30:00;23,179
2026-03-15 11:00:00;24,041
2026-03-15 11:30:00;24,346
2026-03-15 12:00:00;24,018
2026-03-15 12:30:00;24,620
2026-03-15 13:00:00;24,680
2026-03-15 13:30:00;24,887
2026-03-15 14:00:00;25,219
2026-03-15 14:30:00;24,534
2026-03-15 15:00:00;23,969
2026-03-15 15:30:00;23,947
2026-03-15 16:00:00;23,903
2026-03-15 16:30:00;22,702
2026-03-15 17:00:00;22,181
2026-03-15 17:30:00;22,109
2026-03-15 18:00:00;21,217
2026-03-15 18:30:00;20,879
2026-03-15 19:00:00;19,995
2026-03-15 19:30:00;19,593
2026-03-15 20:00:00;18,344
2026-03-15 20:30:00;18,082
2026-03-15 21:00:00;17,426
2026-03-15 21:30:00;16,531
2026-03-15 22:00:00;15,917
2026-03-15 22:30:00;16,273
2026-03-15 23:00:00;15,547
2026-03-15 23:30:00;15,023
2026-03-16 00:00:00;15,137
2026-03-16 00:30:00;15,438
2026-03-16 01:00:00;14,202
2026-03-16 01:30:00;14,519
2026-03-16 02:00:00;14,847
2026-03-16 02:30:00;15,892
2026-03-16 03:00:00;15,769
2026-03-16 03:30:00;16,302
2026-03-16 04:00:00;16,065
2026-03-16 04:30:00;16,564
2026-03-16 05:00:00;17,657
2026-03-16 05:30:00;18,107
2026-03-16 06:00:00;18,898
2026-03-16 06:30:00;19,282
2026-03-16 07:00:00;20,097
2026-03-16 07:30:00;20,708
2026-03-16 08:00:00;21,566
2026-03-16 08:30:00;22,196
2026-03-16 09:00:00;21,933
2026-03-16 09:30:00;22,257
2026-03-16 10:00:00;23,886
2026-03-16 10:30:00;24,382
2026-03-16 11:00:00;23,973
2026-03-16 11:30:00;23,968
2026-03-16 12:00:00;24,864
2026-03-16 12:30:00;25,283
2026-03-16 13:00:00;25,629
2026-03-16 13:30:00;25,138
2026-03-16 14:00:00;24,700
2026-03-16 14:30:00;24,307
2026-03-16 15:00:00;24,334
2026-03-16 15:30:00;23,862
2026-03-16 16:00:00;23,180
2026-03-16 16:30:00;23,761
2026-03-16 17:00:00;23,125
2026-03-16 17:30:00;22,311
2026-03-16 18:00:00;20,972
2026-03-16 18:30:00;20,952
2026-03-16 19:00:00;20,224
2026-03-16 19:30:00;19,502
2026-03-16 20:00:00;19,143
2026-03-16 20:30:00;18,309
2026-03-16 21:00:00;17,759
2026-03-16 21:30:00;17,179
2026-03-16 22:00:00;16,584
2026-03-16 22:30:00;15,409
2026-03-16 23:00:00;15,699
2026-03-16 23:30:00;15,186
2026-03-17 00:00:00;14,722
2026-03-17 00:30:00;15,631
2026-03-17 01:00:00;15,605
2026-03-17 01:30:00;15,519
2026-03-17 02:00:00;15,260
2026-03-17 02:30:00;15,853
2026-03-17 03:00:00;15,674
2026-03-17 03:30:00;16,104
2026-03-17 04:00:00;16,082
2026-03-17 04:30:00;17,095
2026-03-17 05:00:00;17,521
2026-03-17 05:30:00;17,631
2026-03-17 06:00:00;18,688
2026-03-17 06:30:00;19,319
2026-03-17 07:00:00;20,629
2026-03-17 07:30:00;20,966
2026-03-17 08:00:00;21,298
2026-03-17 08:30:00;22,000
2026-03-17 09:00:00;22,515
2026-03-17 09:30:00;22,973
2026-03-17 10:00:00;23,157
2026-03-17 10:30:00;23,914
2026-03-17 11:00:00;24,069
2026-03-17 11:30:00;24,182
2026-03-17 12:00:00;25,009
2026-03-17 12:30:00;25,094
2026-03-17 13:00:00;24,375
2026-03-17 13:30:00;24,914
2026-03-17 14:00:00;25,178
2026-03-17 14:30:00;24,990
2026-03-17 15:00:00;24,689
2026-03-17 15:30:00;23,980
2026-03-17 16:00:00;23,240
2026-03-17 16:30:00;22,665
2026-03-17 17:00:00;22,621
2026-03-17 17:30:00;22,046
2026-03-17 18:00:00;21,745
2026-03-17 18:30:00;21,038
2026-03-17 19:00:00;19,954
2026-03-17 19:30:00;18,912
2026-03-17 20:00:00;18,594
2026-03-17 20:30:00;18,163
2026-03-17 21:00:00;17,429
2026-03-17 21:30:00;16,754
2026-03-17 22:00:00;16,553
2026-03-17 22:30:00;15,857
2026-03-17 23:00:00;15,450
2026-03-17 23:30:00;15,490
2026-03-18 00:00:00;15,030
2026-03-18 00:30:00;15,128
2026-03-18 01:00:00;15,096
2026-03-18 01:30:00;14,644
2026-03-18 02:00:00;15,002
2026-03-18 02:30:00;15,884
2026-03-18 03:00:00;15,263
2026-03-18 03:30:00;15,292
2026-03-18 04:00:00;15,813
2026-03-18 04:30:00;16,966
2026-03-18 05:00:00;17,511
2026-03-18 05:30:00;18,045
2026-03-18 06:00:00;19,131
2026-03-18 06:30:00;18,412
2026-03-18 07:00:00;20,139
2026-03-18 07:30:00;21,199
2026-03-18 08:00:00;20,899
2026-03-18 08:30:00;21,780
2026-03-18 09:00:00;22,236
2026-03-18 09:30:00;22,731
2026-03-18 10:00:00;23,421
2026-03-18 10:30:00;24,466
2026-03-18 11:00:00;24,973
2026-03-18 11:30:00;24,502
2026-03-18 12:00:00;25,496
2026-03-18 12:30:00;24,970
2026-03-18 13:00:00;25,614
2026-03-18 13:30:00;24,925
2026-03-18 14:00:00;24,875
2026-03-18 14:30:00;24,747
2026-03-18 15:00:00;25,443
2026-03-18 15:30:00;24,265
2026-03-18 16:00:00;23,288
2026-03-18 16:30:00;23,383
2026-03-18 17:00:00;22,373
2026-03-18 17:30:00;21,742
2026-03-18 18:00:00;21,612
2026-03-18 18:30:00;20,664
2026-03-18 19:00:00;20,098
2026-03-18 19:30:00;19,352
2026-03-18 20:00:00;18,824
2026-03-18 20:30:00;18,235
2026-03-18 21:00:00;16,822
2026-03-18 21:30:00;17,189
2026-03-18 22:00:00;16,121
2026-03-18 22:30:00;15,528
2026-03-18 23:00:00;15,649
2026-03-18 23:30:00;15,410
2026-03-19 00:00:00;14,928
2026-03-19 00:30:00;15,334
2026-03-19 01:00:00;14,530
2026-03-19 01:30:00;14,900
2026-03-19 02:00:00;14,966
2026-03-19 02:30:00;15,364
2026-03-19 03:00:00;15,767
2026-03-19 03:30:00;15,680
2026-03-19 04:00:00;16,718
2026-03-19 04:30:00;16,978
2026-03-19 05:00:00;16,838
2026-03-19 05:30:00;17,401
2026-03-19 06:00:00;18,702
2026-03-19 06:30:00;19,270
2026-03-19 07:00:00;19,964
2026-03-19 07:30:00;20,643
2026-03-19 08:00:00;21,373
2026-03-19 08:30:00;22,245
2026-03-19 09:00:00;22,111
2026-03-19 09:30:00;22,634
2026-03-19 10:00:00;23,153
2026-03-19 10:30:00;24,068
2026-03-19 11:00:00;24,766
2026-03-19 11:30:00;24,468
2026-03-19 12:00:00;23,954
2026-03-19 12:30:00;24,361
2026-03-19 13:00:00;24,708
2026-03-19 13:30:00;24,762
2026-03-19 14:00:00;24,687
2026-03-19 14:30:00;24,633
2026-03-19 15:00:00;24,221
2026-03-19 15:30:00;24,334
2026-03-19 16:00:00;23,299
2026-03-19 16:30:00;22,742
2026-03-19 17:00:00;22,668
2026-03-19 17:30:00;21,376
2026-03-19 18:00:00;21,430
2026-03-19 18:30:00;20,689
2026-03-19 19:00:00;19,948
2026-03-19 19:30:00;19,903
2026-03-19 20:00:00;18,488
2026-03-19 20:30:00;18,808
2026-03-19 21:00:00;17,421
2026-03-19 21:30:00;16,509
2026-03-19 22:00:00;16,489
2026-03-19 22:30:00;15,657
2026-03-19 23:00:00;15,407
2026-03-19 23:30:00;15,520
2026-03-20 00:00:00;15,365
2026-03-20 00:30:00;14,825
2026-03-20 01:00:00;15,346
2026-03-20 01:30:00;15,448
2026-03-20 02:00:00;15,673
2026-03-20 02:30:00;15,566
2026-03-20 03:00:00;16,147
2026-03-20 03:30:00;15,375
2026-03-20 04:00:00;16,353
2026-03-20 04:30:00;16,653
2026-03-20 05:00:00;17,542
2026-03-20 05:30:00;17,887
2026-03-20 06:00:00;18,648
2026-03-20 06:30:00;20,006
2026-03-20 07:00:00;19,941
2026-03-20 07:30:00;20,797
2026-03-20 08:00:00;21,213
2026-03-20 08:30:00;21,940
2026-03-20 09:00:00;22,502
2026-03-20 09:30:00;23,201
2026-03-20 10:00:00;23,943
2026-03-20 10:30:00;24,543
2026-03-20 11:00:00;24,438
2026-03-20 11:30:00;24,826
2026-03-20 12:00:00;24,427
2026-03-20 12:30:00;24,926
2026-03-20 13:00:00;25,329
2026-03-20 13:30:00;25,260
2026-03-20 14:00:00;24,904
2026-03-20 14:30:00;24,930
2026-03-20 15:00:00;24,502
2026-03-20 15:30:00;24,387
2026-03-20 16:00:00;23,637
2026-03-20 16:30:00;22,919
2026-03-20 17:00:00;22,618
2026-03-20 17:30:00;20,888
2026-03-20 18:00:00;21,428
2026-03-20 18:30:00;19,376
2026-03-20 19:00:00;19,397
2026-03-20 19:30:00;19,505
2026-03-20 20:00:00;18,873
2026-03-20 20:30:00;17,680
2026-03-20 21:00:00;17,251
2026-03-20 21:30:00;17,436
2026-03-20 22:00:00;16,295
2026-03-20 22:30:00;16,818
2026-03-20 23:00:00;15,669
2026-03-20 23:30:00;15,523
2026-03-21 00:00:00;15,736
2026-03-21 00:30:00;15,089
2026-03-21 01:00:00;14,649
2026-03-21 01:30:00;15,004
2026-03-21 02:00:00;15,158
2026-03-21 02:30:00;14,903
2026-03-21 03:00:00;15,580
2026-03-21 03:30:00;15,773
2026-03-21 04:00:00;16,788
2026-03-21 04:30:00;16,968
2026-03-21 05:00:00;17,401
2026-03-21 05:30:00;18,049
2026-03-21 06:00:00;18,784
2026-03-21 06:30:00;19,563
2026-03-21 07:00:00;19,650
2026-03-21 07:30:00;20,288
2026-03-21 08:00:00;21,681
2026-03-21 08:30:00;21,769
2026-03-21 09:00:00;22,004
2026-03-21 09:30:00;23,199
2026-03-21 10:00:00;23,698
2026-03-21 10:30:00;23,431
2026-03-21 11:00:00;24,410
2026-03-21 11:30:00;24,877
2026-03-21 12:00:00;24,961
2026-03-21 12:30:00;25,178
2026-03-21 13:00:00;24,509
2026-03-21 13:30:00;25,073
2026-03-21 14:00:00;24,724
2026-03-21 14:30:00;24,450
2026-03-21 15:00:00;24,635
2026-03-21 15:30:00;24,485
2026-03-21 16:00:00;24,164
2026-03-21 16:30:00;23,504
2026-03-21 17:00:00;22,462
2026-03-21 17:30:00;22,037
2026-03-21 18:00:00;21,562
2026-03-21 18:30:00;20,695
2026-03-21 19:00:00;20,046
2026-03-21 19:30:00;19,636
2026-03-21 20:00:00;18,685
2026-03-21 20:30:00;17,831
2026-03-21 21:00:00;17,355
2026-03-21 21:30:00;17,178
2026-03-21 22:00:00;16,466
2026-03-21 22:30:00;16,152
2026-03-21 23:00:00;15,904
2026-03-21 23:30:00;15,249
